{
    "timestamp": 1678453993498,
    "kleo_price_in_juno": 0.00037848513458157317,
    "kleo_price_in_dollars": 0.000365613612124723
}